00075	「출동지에선 정기 보고 필수.\n　수시로 연락・기록할 것」\n　　　　　　　　쿠니키다 다이테츠
00118	제작・점술가　야에가시 요시키
00520	「당연하지, 미!\n　이번엔 꼭 이겨!」\n「흥, 어이없어.\n　그럴 틈 없어」
00636	왠지 그 녀석,\n이상한 말을 했지.\n'쿠시나다 일족'이나\n'공주님'이나……
00677	「전에 이곳을 연 사람이 있습니다.\n　절대 열지 마!」
00785	『남자를 닦아라　도롱뇽구이 정식』\n　　　　　　　　　　　　　　850엔
01038	어~, 유바리 멜론?\n「이걸로 할까,\n　고급스럽기도 해」\n「……역시\n　그만두자」
01040	멜론이라……\n「이걸로 할까,\n　고급스럽기도 해」\n「과일 싫어할지도……\n　그만두자」
01124	임대 점포　저렴하게 빌려드립니다.\n신축이나 다름없음　2층 있음\n연락처　무라쿠모 상사
01380	『규동 정식　특대 곱빼기 가능』\n　　　　　　　　　　　　　　550엔
01381	「검은 마가타마에 관한 정보는\n　마츠다이라에게」\n　　　　　　　　마츠다이라　아즈사
03730	「류센의 마가타마에 관한 정보는\n　마츠다이라에게」\n　　　　　　　　마츠다이라　아즈사
01620	「괜찮아,\n　코우메,\n　아직 할 만해!!」\n「확실히 지쳤네……\n　한 번 돌아가자」
01649	「아소산 화산 활동은\n　여전히 활발하며,\n　화구 주변은\n　도로 전면 봉쇄가\n　실시될 예정.
02235	…………\n(아아……\n　……쿠사나기 씨!)
02261	「빨간 아라가미・파란 아라가미・\n　노란 아라가미」\n　　　　　　　　쿠니키다　다이테츠
02990	글쎄……\n「넬슨 토쿠하라의\n　경력을 조사해 줘」\n「넬슨 토쿠하라를\n　감시해 줘」
03011	그렇군……\n「넬슨 토쿠하라를\n　감시해 주게」\n「나가타초 주변\n　탐문을 부탁하네」
03013	장소는……\n「나가타초역이군」\n「국회의사당으로」\n「긴자가 자네한테\n　어울리려나?」
03023	그렇군……\n「넬슨 토쿠하라의\n　경력을 캐 주게」\n「나가타초 주변\n　탐문을 부탁하네」
03274	그건,\n“목을 씻고\n　기다려라”\n가 맞지 않나……\n뭐, 됐나.
03342	「고장 중\n　절대 치지 마!(특히 사와구치)」\n　　　　　　　　　　　빌딩 관리인
03732	「후지:모미지・코우메・요시키\n　신주쿠:다이테츠・료코・사쿠라\n　대기:아즈사」
03738	이번 버전에서는,\n데이터를 한꺼번에 갱신했습니다.\n　　　　　　　　마츠다이라　아즈사
03820	~아오키가하라 수해에 어서 오세요~\n　　　　　　　　　　　　통과 가능
03920	「우와 대단해\n　아가씨 손 흔들고 허리 흔드네」\n……어？ 계어가 없다고？
04152	「후지산 출동반에서 연락이 있었음.\n　쿠시나다의 검을 무사히 입수」\n　　　　　　　　마츠다이라　아즈사
04155	「신주쿠에 원인 불명의 뇌운 발생.\n　강한 전자파로 통신 장애 다발」\n　　　　　　　　　　　기상청 정보
04167	「신주쿠 부근 교통 봉쇄는 해제.\n　야마노테선 등도 운행 재개」\n　　　　　　　　　　　　경찰 정보
04232	「네. 가요\n　갈대배로!」\n「아, 아직 좀\n　마음 준비가……」
04263	심한 건……\n「산 제물로\n　상황 타개하라」……\n그 밖에도……
04362	하지만, 하지만!　　　　　　　　　\n………………　　　　　　　　\n저, 잘\n말 못 하지만…………
04371	후후후……　　　　　　　　　　　　　　　\n과연 쿠시나다의 검.\n유즈히메의 한을\n내가 풀지\n못했구나……
04602	「네, 아저씨!\n　다녀오겠습니다!」\n「죄송해요……\n　잠시 시간 주세요」
04708	「이 국토관리실에서\n　저는 많은 걸\n　배웠어요.\n　말로 다 못 할 만큼\n　많은 것을.
04715	「이 국토관리실에서\n　저는 많은 걸\n　배웠어요.\n　말로 다 못 할 만큼\n　많은 것을.
04709	　저, 다시 한 번\n　평범한 생활로\n　돌아가 볼게요.\n　이번엔 저 자신에게\n　자신감을 가지고.
04716	　저, 다시 한 번\n　평범한 생활로\n　돌아가 볼게요.\n　이번엔 저 자신에게\n　자신감을 가지고.
04766	아시부네 사건 해결 연회(×월 0일)\n　　참가비 5000엔은 마츠다이라에게.\n　　취한 채 발포는 엄금.
02266	　마츠다이라 씨가 출장 중이라,\n　야에가시 요시키가 데이터를\n　갱신했습니다.
