ID	줄임 번역(창 폭에 맞춤, 2026-09-27)
X0001	본체 RAM(카트리지 RAM)\n의 백업 준비가 되어 있지\n않습니다.(초기화되지 않음)\n　\nL버튼 또는 R버튼을 누른 채로\n리셋 버튼을 누르면,세가새턴\n본체의 저장 데이터 관리 화면으로\n진행합니다.\n　\n스타트 버튼을 누르면,본체 RA\nM(카트리지 RAM)의 모든\n기록을 지웁니다(초기화합니다)
X0002	새로운 기록을 저장하기 위한 여유\n용량이 없습니다.\n　\n새로운 기록을 저장하려면,\n364의 여유 용량이 필요합니다.\n　\n세가새턴 본체 저장 데이터 관리\n화면에서 다른 게임의 기록을\n지우거나 카트리지 RAM에 복사한\n후 게임을 다시 시작해 주세요.
X0003	데이터를 제대로 불러올 수가\n없었습니다.
X0004	데이터를 제대로 저장할 수가\n없었습니다.
X0005	데이터를 제대로\n지울 수 없었습니다.
X0028	방탄조끼 D+1\n누구나 입는 방호복
X0029	부적 D+1\n적의 공격을 막는다
X0030	바이오센서 S+1\n마츠다이라의 초병기
X0031	특수 섬광탄 S+1\n대아라가미 특수탄
X0032	신비의 목걸이 S+1\n모미지 사쿠라 카스미
X0033	쿠시나다 검 S+2 D+1\n쿠시나다를 지키는 검
X0034	쿠사나기사진 S+1 D+1\n모미지의 힘의 원천
X0035	가죽 장갑 S+1\n쿠사나기 애용 장갑
X0036	모미지 팬티 S+1 D+1
X0037	다탄두 로켓 S+2\n코우메 애용 최강병기
X0039	벡터 병기 S+2\n마츠다이라 연구 성과
X0040	칠성오령부 S+2\n사쿠라가 모친께 받음
X0041	유품의 부적 D+2\n어머니의 영력이 깃듦
X0042	바 성냥 ？？\n실장 단골 가게 성냥
X0043	코로나 샷 S+2\n쿠니키다용 최종병기
X0044	봉제 인형 S+1 D+1\n타케우치 료코의 친구
X0045	킬러 인자 S+2\n타케우치 총으로 발사
X0046	치한 경보기 D+1\n소심한 카스미 필수품
X0048	히루코의 힘 S+1 D+4\n히루코는 카스미 곁에
X0049	반중력 벨트 A+1\n몸도 가볍게,빠르게
X0050	하이레그 수영복 ？？\n여성용 방어(？)복
X0054	야키토리 LIFE+8\n기운 좀 북돋을 때!
X0055	이즈모 소바 LIFE+11\n모미지 고향의 특산품
X0056	말고기 회 LIFE+15\n한 입이면 기운 팍팍
X0057	이시카리나베 LIFEMAX\n모두 둘러앉아 힘내자
X0058	햄버거 LIFE+7\n젊은이의 인기 메뉴
X0065	영양 드링크 LIFE+10\n한 병이면 원기 회복!
X0066	껌 LIFE+3\n피곤할 때 청량제
X0067	자반 연어 LIFEMAX\n전원이 기운 넘치게
X0069	복숭아 통조림 LIFE+5\n같이 먹으면 즐겁다
X0070	상처약 LIFEMAX\n국토 특제약 3인분
X0071	상한 장어\n안 먹는 게 좋습니다
X0072	상한 양갱\n안 먹는 게 좋습니다
X0073	상한 닝교야키\n안 먹는 게 좋습니다
X0074	상한 야키토리\n안 먹는 게 좋습니다
X0075	상한 이즈모 소바\n안 먹는 게 좋습니다
X0076	상한 말고기 회\n안 먹는 게 좋습니다
X0077	상한 이시카리 나베\n안 먹는 게 좋습니다
X0078	상한 햄버거\n안 먹는 게 좋습니다
X0079	상한 키타카타 라멘\n안 먹는 게 좋습니다
X0080	상한 쿠즈모치\n안 먹는 게 좋습니다
X0081	상한 포도\n안 먹는 게 좋습니다
X0082	상한 자반 연어\n안 먹는 게 좋습니다
X0135	현재,보내주신 곡옥(勾玉)을\n열심히 연구 중입니다.장비 발송은\n조금만 더 기다려 주십시오.
X0146	그래서 저희 부서에서 치한 경보기를\n개량한 아라가미 경보기입니다.\n물론 원래 용도로도 쓸 수 있습니다.
X0149	또한,지난번 쿠스노키 님에 관한\n연락을 받았는데,그녀를 지키려면\n어떤 장비가 필요하리라 생각합니다.
X0150	마츠다이라・야에가시 님의 연구로\n휴대용 바이오센서를 만들었습니다.\n검은 곡옥 아라가미에도 대응합니다.
X0151	단,조작이 복잡하므로,\n마츠다이라・야에가시 님 외에는\n사용을 삼가 주십시오.
X0153	또한,검은 곡옥 아라가미에 대응한\n바이오센서를 보내드립니다.\n이번에는 휴대도 한결 편해졌습니다.
X0155	단,권총의 구경이 큰\n쿠니키다・사와구치・타케우치 님만\n이용 가능합니다.
X0157	또한,아라가미가 햇빛에 약하므로\n가시광을 발하는 권총탄을\n개발했습니다.
X0161	또한,대아라가미 바주카라 할 만한\n코로나 샷의 검은 곡옥 아라가미\n대응판을 보내드립니다.
X0162	마츠다이라 님이 만든 벡터 병기를\n검은 곡옥 아라가미 세포에 맞춰\n개량하였기에 보내드립니다.
X0163	이것은 아라가미 유사 세포를 주입해\n세포의 이상 증식을 일으킴으로써\n아라가미의 행동을 봉인합니다.
X0164	아라가미마다 미세 조정이 필요해서\n마츠다이라 님만 사용 가능하리라\n생각합니다.
X0171	아라가미의 곡옥을 배제하는 효모,\n'킬러 인자'를 제작했습니다.\n물론,검은 곡옥에도 대응했습니다.
X0174	또한,아라가미 곡옥을 없애는 효모\n'킬러 인자'를 제작했습니다.\n물론,검은 곡옥에도 대응했습니다.
X0178	또한,지난번 받은 쿠스노키 님의\n데이터를 바탕으로,그녀의 오라를\n증폭시키는 장치도 제작했습니다.
X0184	이 반중력 벨트를 끝으로,\n당분간 저희 연구소의 병기 개발을\n중단하고자 합니다.
X0197	저,정말 대단하십니다!\n당신이야말로,진정한 팬티 컬렉터!\n저 따위는,발끝에도 못 미칩니다!
X0225	마츠다이라 씨도 '공격' ×2로\n동시에 공격하면……\n협력 공격이 나올 겁니다.
X0227	13장,팬티를 모으셨군요.\n정말 대단합니다.\n하지만 팬티의 길은 아직 깊습니다.
X0252	당신도 이걸로,팬티 컬렉터의\n동료가 되셨습니다.아아,저도\n동호인이 생겨서 감격입니다!
X0021	　　　　축하합니다!\n아라가미 퇴치는 당신께 맡깁니다!
X0154	아라가미가 햇빛에 약하다는 점에서\n가시광을 발하는 권총탄을\n개발했습니다.
X0199	쿠사나기 군이 '공격력 다운' ×2와\n'공격' ×2를 내면서……
X0084	메시지　속도
X0088	오토　배틀
X0091	패드　컨트롤
X0085	빠름
X0086	보통
X0087	느림
X0089	=원문
X0090	=원문
X0092	=원문
X0093	=원문
X0094	=원문
X0095	=원문
X0096	=원문
X0097	=원문
X0098	=원문
X0099	=원문
