해시	글자
00082644eec93ef2	t
001ce79e1f67cda4	溶
003188b953a94cee	熊
00710ff9bf423faa	飼
0082d3ab3b19c3ab	調
008e8790d397d6c4	律
0090440c5e543017	水
0132ccfef8aba39c	覇
01850fa19fd40b5d	書
01959e2a53dc96c8	麗
019884038d74e6c6	客
01a545bf0a8aad10	緑
01b2465ec0d529cb	康
0201304d58ef921b	収
023b48cd408a89b1	飾
024b60d0621d4553	結
025bc574bb3a51e4	識
02c9d444dc5fe0a5	逃
032597bc74025812	再
03813713dd724d7b	募
03850a23cb2c571e	罪
038cbfb2d9fb4e75	花
0407feaee4716fd5	先
041a870f97eab79a	腰
04490eec48cfb5b4	強
04638a22be1c55c7	標
04aebabbde93cf39	遭
04b7f6f5f3162799	題
04f3145d8c84ef59	惚
0503c7f25ea1466c	丈
053adde6ebf69743	天
0560d7138e167fec	節
057428578af9ce30	旅
058d35c0d90a9163	魚
059168ad76519229	助
05ce8a830461f8ea	興
06194c4e63b92638	頭
06253e7866240f8b	殿
0625567854331d88	り
0655c8b50f2a1435	滝
0659ac02781cdad8	鮭
065ca3b7d14eaf83	磁
067b886b34cb6f0f	怖
0772f4aba8786832	ギ
077c8da6289aae4b	飽
07845c2a6412ad72	暴
078f4233b5c99174	曲
079f184575fa541c	1
07d566571275129d	帰
07e5de92f877ec53	平
07efdfeee7b88847	敵
07fa530b1019110b	担
082d6ae59db2582e	代
0854566dbd1cfca8	浮
088a3b9172ffabd1	ち
08d7feed5483dfd7	増
08e1ab3d0fef61aa	油
091f7422a541069a	b
092a19b0da448a12	敷
09a57bd0fda098f6	リ
0a30e46c15d643be	罰
0a74e46215101347	ょ
0ac8ba047545e109	気
0afffc73fd916f87	困
0b01a1b6904785ed	像
0b1b10013d18e731	票
0b20dfc89ccab79c	坑
0b6ac3267d23f21d	雨
0b94dd1aeac2aec8	祈
0bb2a0a03bed41fd	K
0c22cacb845d819f	弱
0c23ef365e33034a	衛
0c284c1fe8b71f19	残
0c2b9a184870a92b	樹
0c411022b8fbb756	。
0c5ab4c41e3f5af2	割
0cef31fdb3dc2c60	右
0cf2bdb4d25f7353	惜
0d3f4c21eaf321d8	績
0d5567e4461dd1b5	ザ
0d77ebb3a89681fb	因
0dedb19aeca058f6	敗
0e55f226e18b4df1	セ
0ec09bb41463de1d	7
0eca57996b7663df	責
0f62e41618f48b82	む
0f6ac8a18bb45daf	謹
0f6dd2241c4f2f66	顔
0f92f79866971fb4	畑
0fb560ca2f6ddbe2	占
101c50cd4472a477	言
1053f57bb54c9102	浪
10c04b2d4b61cfa0	博
10c10ec8f30e07ed	慣
10d5a5312272954f	偉
10f116db3d931c87	と
111172edda3aeb53	拶
1111e8e411d5b103	接
112800c8186899dd	る
11533563d1fbf64a	条
1185ae26e66e43d8	図
11a3f905b75a8e32	ぼ
11cc23e54e6f9cdf	短
1225a2e107f0ca33	崎
127699dc5e88d069	労
127b3a290767ca25	最
12c52ad6477cd42f	会
12c75de4e8d6352f	級
12d0f0efebff3c56	綻
131c1e0ecf1e5cac	札
1411def6d870d245	極
1417753a93284667	ェ
1462bc5c58613d89	握
1467c560e56dd1dd	遊
147419478d91a638	慮
14933ee35afa87fe	塔
14b6dcb3bf09dd09	鉄
14d23e0c1d94930c	玉
150c32c0b1d171ab	翻
152dd112044ab0c6	正
152e7c6c95df7d41	ひ
1544d100727e0e97	念
154e6b204216a6c5	ぽ
155a052e3c2c610d	s
158295720979f4dd	煮
159022755132244b	世
15c425efeae7977d	抗
15c8541def7d3e2f	G
15e59df44df4900e	ぷ
16109bb94adcd2bf	幕
163febcdca3f95aa	夜
16a8da3e3e85e420	頂
16b0bb2d795064bd	差
16c4f2623e3fac50	張
16f7e4b71e271f65	径
170af6f7e996edd4	工
171443a6b5f52841	努
1732cf8b731c7f4b	遂
174682602f9e4ac0	ュ
175ac8bd3e49d55d	少
175c93cf32bb060e	席
17dfab5c497cb316	噴
17ebaa22d2ba7536	括
180df1b89f9e32c1	昼
1811f91faf09914f	鍋
1824f761f7dbdb5e	示
1834c874e6c14fe0	本
1850bad258c127d8	状
18855adf56f399b6	片
188c8987f0cbe350	訓
18c55591b20d2183	姫
194151bc0db456e0	3
1949112facd22f32	届
19784fd68389c67c	手
1989ad9906da2004	耳
1996c9d48de3a32d	夕
19b05da85777b275	筋
19ee7766a099f566	倒
1a0f0a112783993b	踊
1a38caba1e418a89	泊
1a6d72e6c89fc42f	近
1b057e52bbb7ff0c	エ
1b1538ac2a6b5bea	業
1b57a7f3ba4f8dfd	N
1b812f96787711bb	僚
1b9945b1bc78d123	左
1ba62ee1bddad030	吉
1bb6f6c2fe365f7a	常
1bb78dd7ea6cd0c7	史
1bc3043e52755d46	勤
1be643a7de0a2598	憎
1bedfd80830fc2d9	試
1bee1a21465e06cb	税
1c23af699af5d1b0	杉
1c4acc5ab1356004	嫌
1c7fde58c90dc2df	川
1ca2c53be66dc6eb	種
1cb48403a809a1f4	達
1d1cf65e3e352fec	続
1d38f13e98db11cd	変
1d53a4335eee607d	雷
1d7cf9f80ba74f9e	確
1e08c3bc0e17f4e6	人
1e0c0c193dcf5ad6	秘
1e21a71fca4dd94d	点
1e271e9946f80036	0
1e2c731bdb54b5ce	低
1e4e21e61d4b1b9e	局
1e6669afd6fe7d76	哲
1e69edd6bb424106	祖
1e80091813b648cb	偵
1e8a2c64c60a5344	技
1ea695cbc61227aa	闘
1eade5b330cfbcea	防
1eb88eaf49eb931c	'
1f4ad4bfd247c633	飲
1f5b788b0991431b	ク
1f61eb7b4b3afdde	教
1f6c7c9e043f1f7c	権
1f979fd4493f3144	階
1f99b1658c4cf1aa	舎
1fc7c7b3ea9afacc	別
1fd5f1683b00bfbd	了
1fe7e76024e9d8c4	造
200adcb92654519b	家
200c8b59052f833f	告
20308c6ffca6e3fa	発
20ace0442be6f516	中
20b3ba8e2344a470	訂
20ffb8466283e7d2	柔
210c30eb02e12aee	缶
210e1f3b4457c4bc	竹
21bb525f2bb6f81b	6
21c2b6a8f2b06c52	表
21d2e5889d5abc93	荷
220dc662ff698733	欠
22a44ba01926dd83	P
22baaeff1b041c3e	刺
23132404ed85ec5f	字
23422fc0284c8395	魂
236f078b8fc4f17f	貢
23778f98e8d17b2a	形
23805680d7abcedf	語
23c4daaa8133cf75	誠
240c10da5d9f6b3a	蹴
2426f75366e55054	誉
24317414d22cccb9	恐
244fcb94dbf22f32	駄
24a310ca7e4ac3c6	侍
24d93376380ff11a	怪
25260edd64046848	牧
252c4b845c21978a	索
25377bb596052e35	雀
25425a9190e71287	抱
2551b626bb8d1977	姉
2558092c3426d35c	東
255e8d3c105513e9	合
257c73d8b3660be5	ゼ
25c43078686e571a	太
25cee2c89d19a4c4	田
25d2b2f345f47094	我
25e210f88c6b015b	T
25f81b71c0d5fc89	旨
261d53d6c28e2562	動
262ee7a531f60676	薬
267d47fd3503963c	B
26a08d117fe39ad1	存
26ba3806e41330b6	良
2726e0a611f565a7	選
274ce1aa384e027d	仲
2769d909181390b3	ケ
2776d93eea27ef27	喋
27ab4cbda81705c6	渋
280042175156d84d	描
28151bb9cddb8555	ャ
2822c46e86890a0c	京
283fdc3c4a26e819	タ
28602f26131761f8	稼
289f1fdf004a9412	庁
28b624b097549dcc	縄
29a9437e6fe0017f	馬
29bb725c99af4b67	5
29daa793c3aeabfa	援
29f304ff30c9f932	二
2a030f9f27e9a2aa	降
2a4430820d0ae3ce	茶
2a4f3820db045400	延
2a62339cb282e421	影
2a6b23bde663d234	、
2a6c68e9e7b611a7	半
2af5821a1a296b4e	ぁ
2b40cbaaa3ae652a	宴
2b419e0ee28487e9	聖
2bbd0e22b859c176	換
2bbebd7c67f6dda9	上
2bfa41361cbbd1b5	組
2c3f1c1f1392af16	候
2c63ba72fd2be4d1	舞
2c9a6cd0a9a180bf	絵
2cc8f0e11f88355c	分
2d326890aa1be1b1	禅
2d3e22291bec5284	硬
2d4aba9a038b89c5	請
2d6aa0a1b00a4065	更
2d92924716f4e3c5	晩
2d9efc1dda2f7176	年
2dbde0f6ec3b305c	江
2dc15804a12b1f97	速
2debaf90a328c01a	ラ
2e0a86b9cdde3388	潔
2e10e4a2af22b929	務
2e7b30d07e1a48f8	符
2e86076011fa03f9	之
2e8c8763c7ee3d89	能
2e94684604c0b665	園
2eea887e25460af2	歯
2f218b5029435b37	釣
2f532d5a893aab03	詩
2f6ee1edca67bd92	軌
2f8bf9d7cbadb8ca	層
2fccc06207517e8a	破
30014d1eb7be18bf	ま
3022e0bc2516ebf6	凄
305303ade613c051	昇
307c17f903e64e7c	依
30b3454ad44ccc8c	青
30e869c646272b71	耗
310b644edc95017a	鎖
314aa3c7ea6fd22f	垣
31760f4668fb60c2	誰
31c5169de4ceb3df	」
322444bb7b5883c2	放
32486d555d9d7b3a	E
3259f16e9d805835	仕
325e38cbafd38533	在
32754765ece7ff7a	扉
327e3fcf83743705	松
329dc92e8e75f9a7	決
32eab0b08d88a2e9	す
32ed6dd1c4e8aad6	ソ
335ca47b0dabe144	働
335d22d15a7b60cb	月
33683ca3cf15ffd1	眺
3390c030ddc5ec6c	営
33aa3df18539cd5a	奈
340b6bb7194a129d	白
34192be95e2c473c	に
3452a7218bcc862e	壁
345db377ba0843d9	直
34625c9e8dc7f5e7	取
347b86c31847d22e	ゲ
34885f2166eab2b5	提
34bc6a64e01820c5	柚
34c5a5cebac46fa6	閉
34f24e57aa7236ae	←
34f7d366ac277cef	牛
3503d216a598f06e	ウ
3514a28c13d5e0ee	桜
354182c475e416db	0
35420109732e3e7e	徊
3550e46979dc5b1b	俊
358ba4f0782bdf6e	町
3617dde116560a99	類
366650fe4eea9500	那
3670125f6fd83682	障
3687e3f669bb908d	潜
369dac9abca90e67	断
36bcd2598ece6f8c	胸
36e55b3cdd49ef36	劇
37129282829619e9	犠
372124de866e4391	河
375bdef122d9af1d	医
3774625539a72fb6	丘
377ae660d38ce28d	九
3785d76b342c5972	友
3786a9e210f3b6c2	資
37985b808f5a9fd8	稲
37cb68b85de57bd2	ぉ
37f533c1e582204f	ユ
38024f64bc7f575b	妥
381bf1a899d443a9	三
3836b49b7e0bf02c	財
386e74577368bbbc	屈
38a6ea140f31453d	迫
38bece092033b1fb	部
38c0046d144f41f3	北
38c7043ae73a5fe2	ぺ
38d4965d31c79c71	ハ
392a28547482b0f9	算
39456bcaa5fdb200	諸
399e091f6b2d1173	母
39b545d3e5f86da9	館
39bcc7a27feb3d75	温
39e4778549770e88	清
39eaf8d834597361	脱
39ebe8bd7ffd5958	砲
39fba32f3c1108aa	司
3a1bb58b0d72e015	捜
3a33fe79fd6c565c	肥
3a8a5967d892bb4f	想
3a8dc46a2646c2fc	ボ
3a96e6c66ddaea9d	六
3aa004da74a412b0	銅
3ab1af7c600b1ffb	文
3adc309108784d03	走
3af0bd1b2fa1eea1	こ
3afea747deabb190	は
3b38ec43d9fd1f4f	対
3b4ab4342128e336	暦
3b51445b7cab3315	草
3b8616e8d70b3a8e	庭
3b99ebdfdbd87b32	補
3ba64687c8fb8520	憧
3bd402a159e9e9db	景
3c12666587e5a760	H
3c2b00ef41d093ae	根
3c40de045515ddb7	挨
3c41a3008a44adfd	蜃
3c53f905680b51fa	系
3c98a28e6b0d7edd	命
3cb2381a4cc03337	介
3cf4cddb5efc8ec1	も
3d057f3e9aa24a78	愛
3d0e37fe1f1dda94	麻
3d10f23b58b87836	y
3d50ca6041ace8d9	ぅ
3d5ddc49f920149f	南
3d66224e7dd7937f	炎
3d664a597295b61b	争
3d73e81a7e241ad8	Z
3d9790aef1799a0e	撮
3da089cfb5cc7b0e	尿
3dcd4939426585f4	実
3dcdc627051987b6	都
3e3c7341f72aad6b	過
3e413b9fc4a448de	ト
3e4a42709986b1f5	u
3e4bc96245212073	軍
3e65e2b9b93f5e5a	道
3eb4a038f9ad0018	県
3ec0bf1a4ce98df0	長
3ef2b1de64914795	省
3f6e53c80ef6cd47	一
3f70717585bfd2c2	瑠
3f7430970157ec54	嫁
3fa38e8995be14e4	牲
3fc69b7780cd3c59	叩
404695215f509112	払
40712396edf62118	坂
4071bf97215658c4	式
4090e54d5345bdce	袋
409a39478b693552	ご
409c623e59c75768	誌
415fbd6378f5e801	音
4171076f35773253	有
4198e71ba0f27858	忘
41abfae2e185b7fa	遥
41e0f3273713c5e0	携
41eb2aea5939e035	剣
421c287575c93c38	成
429d7afe205d0224	香
42d32480050a595b	加
43059c778bc0bd0e	%
4350bfa450e5d37c	ツ
43638b98c2501651	既
4370f8e36aa5558c	扱
439a108b9aea6641	桁
439fa799f0ee381e	獲
43df6d0c8b07a57f	砂
43e02daa8b958634	棺
441c614edd2e8fd0	捧
442292141757b715	拙
443aeff62eba1be6	勧
444764c315f1cd72	澄
44634d3d8793c048	給
447476138da6d9ca	ロ
44819701494b0e95	V
448fd54b440017ee	洗
449f26feb6c00c71	舟
44a50242f6df29c3	額
44b111fd888a9efd	(
4523497b1f36f717	見
452c4219c998c312	u
456b8516a3225c6a	巨
45b70e62fcb91d8f	載
45b9dbb0424993fc	研
45d881ab9cf892aa	復
45ee34a1e823854b	翌
4608dd65a370977d	狭
460b5088cfd86425	姿
4632d81461291e2f	回
472918833d620bd8	使
4742dfccf3655d41	芽
474e4379ccba6766	当
475c2f6b68d9276f	王
47c5d6776f28b5b6	頑
47e8480f630bdbe8	殴
47ed28b6c011ef91	震
4805b81e935d3822	陸
486ef66a58908fc8	男
48e18397f19712c7	故
491cb1a94ade2d46	養
49bbd8ad4188b410	所
49d8281521eb72c2	0
49dbcd387bfa55f3	貝
4a515d68d6b73b1d	獄
4a597a5a08bd0a80	ニ
4a5b72d6f012fdc0	射
4a8363a0c278f60c	妙
4a8bee1186bbdf18	校
4a993b49c930462b	疲
4ae3335ab622fdf2	融
4aea8e01598b6fa4	桃
4aee6a8bd7aa14d7	づ
4b0478c15182b17b	ペ
4b0e8ea1b2c34615	墓
4b14558182f24f75	親
4b7a56a40f54e4f4	ベ
4bbe7f3727080739	栃
4bdb66596f4b1507	巫
4be726417c15e7a9	準
4c2ea543336d9b5c	葦
4c3faf24c3b7e16b	拾
4c66ef00742c7d7e	論
4ca878ad022029d4	拠
4cdd21d999d9ae8c	寂
4d168a6e04ed6b12	皿
4d552e9fa9cab8dd	望
4d6f0e5911156b73	潰
4d972bd858a87596	ド
4e0e462fc059893e	歓
4e2d7eb6b8b29003	久
4e4045006961f93d	免
4e62f926f6165874	恋
4e6c6784b2a47c86	行
4e9f2a498009a9ac	来
4eb24c32bcc9d6c8	認
4f16040a6b305eeb	あ
4f35500b6babfae9	話
4f70cb05be7390c9	刻
4f8a6df6f8299fbe	用
4f8af15790ef5483	預
4fa9769037d68c71	和
4fd6fcd66efa8a46	番
5009707b5416bc5f	託
5019ed3fa6a5237a	猪
502ae0607bfedfaa	脳
504d6924e69997cd	素
50923f2cae530f0a	慎
50a04e8c5699759c	整
5104faeb1518b6ea	塩
5156afe596bf0891	規
51fce9c2ded3041e	U
521a86da1a56b617	喜
522abcbc7db9bca4	態
5236edc542b86ed8	質
5262905d9d371cd0	f
527063fa7c555d84	録
528bd7336096437a	備
529e6474ccf3e588	威
52c02bd1c18b16ce	誤
52f0647b3837180c	遺
52fa348b1185d814	奇
530737feccc2fb15	獣
530da30fb1ded842	今
53163ffd20202665	歌
532f8ddb393f941c	幌
536ec0c6ab9a6c9f	謝
5384067796f45b5f	深
53a76dfa5c74dc44	ヤ
53b60f2069d4caad	買
53baa40daf91356d	福
53db244ed85e83d4	継
54021f75da4aa7ee	政
540a94df0a6cc47a	反
5416c6e792529f60	央
546b5610589e55b1	刑
54aeac2b21419d20	格
54c93c4aa03436b2	煙
5552ca7f905dbb60	憩
55bc733edf79f591	明
55c21fa7f687a2f9	駆
55d6e8606ff20178	軽
55f5e384e9836949	専
560387a26a8e8ddf	即
56abe4cde0d99f66	悔
56d75815af44c531	孫
576016cb813acb1d	側
57ba107ec47fc22f	知
580a970d650c50c6	基
5893b4e276bf6f96	早
58d2f077c564ee13	滅
58e3fd4ae3ddefd3	週
590d99c8758d4020	盤
592de856b845f7cf	の
5937258c498b3651	宮
594903e0af8edfb8	秀
59667f6c732e7fd8	壇
597798e927cbd78a	奉
5a0d6d86cfaeb78d	支
5a1d051a8ac08213	日
5a49daee6587779d	「
5a5faba5464ea59a	金
5a758489a4e8a9bd	墳
5acaaceae3500f90	9
5af9d92fc158fe56	チ
5b1c7506c317c83f	暖
5bcc95b62a4f4860	主
5c2ec112dc2a5b72	X
5c36e79a24f7d984	ぐ
5c47778c30d7cd2f	昔
5c79008bd56e4141	賛
5c7c225f95f6dd32	ヘ
5c8f79e4bc48b42a	期
5ca16be7dffd6613	号
5d208b64b7a59343	単
5d7068635cd47904	暮
5dad5ab77e784776	汚
5de3773e6ab012be	況
5e006ccda9521923	ダ
5e29cb826ad45180	門
5e3ba7fc79973158	立
5e52c752c07fe0c2	愚
5e89bb2cf9583a06	考
5e9075fd6f00bfc4	汝
5eb0c20bc9705d1b	保
5ecee5aa81975601	帳
5f296768a376ac3f	雑
5f382f91977e26f6	板
5f671911bb0a1b7a	外
5f67e51b3a0a646a	散
5f913f466df52fc9	梅
5fbbf11fd309e5bd	光
5fdf9691f4010594	犯
60017b3ebbc4e9e6	練
601d9a7f89b9c58f	カ
607fb4710291aed4	村
6091f1090c8d59f6	荒
60a47e6fd81b764e	授
60e08fbb766eb8ca	隣
60ffd3096e4c454b	住
6146d085feff9ff5	謀
61c02fa8934cff09	議
61cf2edb301eba24	海
61f573c5f2ed0f1a	ォ
61febeeefaa31765	ら
622ed884b5d5d79f	紅
62aa4e4adb0e730c	紙
62f0a6db50ea05d7	築
6301bb283ef65abe	莫
631863ba4e5deef0	伝
634774a92659e265	還
6353a406e3fa06ed	勢
63581f6b1fa23461	洞
635ae2f2426d0d66	負
63b3e55fff26cfea	軸
63fedce76e4a48de	恥
640e5e2fa9514d5d	神
64114a3c3fd6b7d3	逮
64426a8a3af60dba	位
646f74264f84670e	包
647a39fad13d3638	髪
648dbe984b9d66f5	理
64b7fb5b475c86f8	武
6512c238ef95a526	泡
6541dd3e9c202d2e	埋
657d328119487339	嘘
65c38a7ceddd779a	プ
663397683a842aa0	炭
6639feb8863a29b7	異
6649cc4581ed25c2	山
6687c43d24cf30cb	網
66ea5ea1f83415e2	華
67125998b35590b4	匹
671b8dc354e5e788	慢
673c1cce71614f74	将
6749e4c63f25599b	ぃ
67695cc98d397346	j
6789c218c45fff8d	済
67c561c9013c35e0	だ
67d6e8808044b176	等
6835f883802d21b8	粋
685040d7e0fa7b86	F
68853df95be86073	庫
689951710a2bc5bd	真
69068eb1bdce2720	戒
69122372845b245f	l
691e917433d00ec2	露
69345b0a84ae32e3	沢
6937b14fe6502068	冷
694e891d9349ae87	げ
695bb79735a1a9c0	打
695ff800477c0e4b	ば
697b656afa929ac7	属
6991f7dd2a7464a1	ず
69b06a7dc0aff340	4
69dca65f50c41149	必
6a11585ceb8fefa8	排
6a5b02e1d5f1e5b1	視
6b0d02b5458e89ea	女
6b2b31cd5606c801	々
6b4181b751254c81	前
6b68ab0d03c58326	悲
6b8e80461ee853b4	1
6b976ae41031e103	序
6bd4eb7e34cbf39c	亭
6bdb2d8342da0479	隔
6bebcd108a6cea90	ゾ
6bf7a6140ae2deb0	徹
6c302b451a249d29	へ
6c408805b8f9a29a	十
6c953da7beecd6c9	通
6c9efd4425bfe4c4	霊
6c9f7d78847c6d7b	辺
6cc5fd2cfb60fb5d	却
6d235d01f6e55e03	誘
6d8ea143de13d8a8	吐
6d96be733ee53e43	腕
6d9e6bee5e07ea9f	置
6dbedfb6b14e1b0b	腹
6dcf35df796dbab4	懸
6df0d640722fdb38	純
6e03dc6f8c9a18ec	鍵
6e20058d50f253db	浅
6e4e5cdb3957ca60	襲
6e595d410a9a94f8	竜
6e871ad80a7b3f16	噪
6e918a9094738ec8	引
6eac71ee3b43ecea	遣
6ecfb58c1b8455c9	感
6ed09dd85d358fbe	…
6ef59e6d83b5a83b	則
6f40d11bea4bbffe	丑
6f56ae38a5df9fdf	倫
6f64ddf468e571cd	派
6f7e0a68342dae13	駒
6f8a59a59b4211e1	次
6f9c1350d5f7dae4	量
6f9d0afea0ec0ebb	菜
6fa8ab67bf9af97e	譜
6fb0e6e488a143d7	ガ
6fb24fc45cd4efd8	寒
6fd9128fc67689f5	脇
6fdf35b1b6296d63	着
7066d8e534446796	約
706d43544f826a5e	ァ
7105ee5db8d18847	忙
71916852cd3ce672	舗
71afe930938e141d	佃
721d2735a8da6b99	落
722a63b5c4aab05e	身
725ba0613fbfcc1c	國
72a657da63aa53cc	送
72fee55102c5302a	☆
7319ee29aa2bef01	替
7337fb36df5d779c	委
7372a9902aaf7c8e	駐
7382b25371ed27b5	季
7396dacdca3b136a	モ
73d1f8ec710525bd	院
73f3ee551a7ec827	奴
74084d03a9d93bda	価
74088f80d6df0b19	揮
742e68fc05ca588b	訪
74568d6be73997ee	小
745a655d7a1f3a90	同
746cbb929204b094	車
74dfc04954e27bdd	己
750c68c9c1f3e9a3	細
7570d26f75d5ace8	幅
75a3b8215be65815	案
75c3f3170d477b43	め
7603b9dbe6c61ba1	電
76236ed301a81163	職
76418145b58c8cb7	兄
76460229180a603f	で
7676693b42ae3729	錠
767e06a3f99d7d7b	員
76d69a889bb55610	統
76d9f34e88c0ac09	瞳
76f79c9c408e6dee	波
76fc445e233cd0c5	余
7717a2ff4de88186	順
7723a171345a92c0	マ
7751b68ef42c2e8e	7
77638c1f5b36f63e	帯
77be27517e988a9c	幼
780556837a7f8fa4	至
7824757e801d7eb2	伸
786641962099a3c5	好
78837475ef69600c	程
78b0255fb918b113	イ
78d82f09302dcb91	富
791f23787dab7c8e	設
79612497453b0ace	罠
79655ad341b7a5ea	足
7980cbc3005a407e	吸
79a056d7f57201e8	.
79aabe97a65911d6	創
79dce65e5c48c00b	情
79de8e2d133000ed	円
79f32c1630cecd01	静
79f391e0e3b04517	滑
7a3a4cd88cf22608	藁
7a68b9cf3555eb1a	:
7a77e0330d9b5c8e	逆
7aa02490794d1027	減
7ace55331825528f	叔
7ae90a4b921d3404	厳
7b105ab5b46922af	禁
7b12d16b86d1574e	ふ
7b313fe98e33f8bb	配
7b323e20c69ef9d4	不
7b3b54b89c518028	戦
7b651897b769739e	抹
7ba00b38bb59322c	便
7be1519d4e3250be	血
7be3d7532f0f97e4	枢
7c8256a966f299bb	つ
7ccab1a8f23bf269	ゅ
7ccb3bc9b8e0b2fb	ぎ
7cd0808408891865	簿
7cde7e15c5cc3241	借
7d01ef7436b9629d	頼
7d2c33d1e1a2cb7a	せ
7d36072cd3eca414	為
7d4020fbae196763	ｉ
7d518613338cfc23	M
7d6745d991164e0f	窟
7d7b5e0014333f71	路
7da4789d4a8bba72	祝
7db235e5c7b9f44f	城
7dbd7c6800bd7ceb	連
7ddda7ae14947a24	査
7e08e6ef3d92601f	待
7e3ba979e561c7b5	妖
7e3f18c9f728f6ae	際
7e457e34e58e51bf	協
7e4745c44c97dba3	ル
7e55240b0dea88a0	現
7e5819aacc5561ce	毒
7e8892675d2eb9e5	テ
7eced54321a4d18a	虎
7f12669a20e88fc9	第
7f4a7a362c7fa836	礼
7f556244b4c419a8	跡
7f969ad05e72dec4	崩
7fce178dfc578ad7	交
8056d9cfd53a0c1f	構
806ff3da4d2e2b4d	惨
807691c00931769b	僧
80a2dd44d2965f0c	修
80b900af9093ccfe	容
80d13467aff64898	療
80e01958440b9e89	函
814d761963675a50	叫
81592ae704ba9c94	展
8179110a5f44a673	非
81b75da898a715eb	芸
82130cedc95a8dd6	→
824e112ed59f75e5	編
82503476f3c85160	団
825fe6807c90e16c	物
826c3f5c49547f8a	致
827af7af3bbddd7a	願
82916877f159b990	慌
82a5de6838e7b391	性
82a9851fd7c6b172	峰
82c841a3a0b604af	抜
82dd4d00fdf4614b	午
82dfbf59b583b46b	四
82e573c360195a07	溜
82e9aa6d97499e80	ね
831a5e8a6d43a25c	究
83a58c6fa910faec	僕
83b4efbeba765ecf	似
83e57d414a8a95e5	狙
83ebe393356911b2	え
83ec59e662dc5c0f	起
8474ed9800397506	昨
84939796f575be8e	絶
84bd8c074cdc4dbb	御
84cc6d2c2d45f4c3	供
84f9d85807b7ceaf	里
84fbab6b86f03112	許
85026fe4570c7e9e	若
8504e8489d6139fb	植
852a35247383bfed	ア
85a0774d9529d05b	躍
86079efcee4d14bd	朱
863a3b17fee7bd60	並
8690c3e9b8a92a75	粉
86c9fe65b7b8d6d1	晶
86d3ae684f53be18	閣
86db4316b3b55881	詰
86ed5b9e3e7d5907	A
86f42da99c7a39ed	志
86f5c7d040b08ecf	西
86fe37201b10e8dd	ろ
87143b342b7f3d9c	契
873d8844245df79a	口
874b5e6f0bc54519	.
8763db67427c0dea	多
87a0d00a68d0380a	総
87b65e23ed67d2f0	験
87baa754f71ab79d	ホ
880edd8a57a06e39	臓
882c92fc9c41c084	戻
886466935da507ff	5
889c13a0eaefd7a6	然
88a31b31ed658ced	ネ
88bb1798a9912ed1	封
88e95dc3a9697935	た
88e9cffc0db9b251	革
88f6c12f85ae3db3	突
89135269d6ea6ef1	ョ
892cdeafe4806555	を
893e305ffafde4f2	永
89dce5d6d570f6d9	違
8a143f4954d4c97a	完
8a26b8618c8224e1	酒
8a462d1d17cfd4c0	霧
8a67273dcf44570d	縮
8ad64885cfc12e54	緊
8ae72db756887a63	仮
8b687f190826208f	賄
8b7913cf3d65e771	隠
8b9e38aaaca023a6	眠
8bac0d0f4100a41d	儀
8bb6f2e7ac6b23d4	共
8c0bb953ec1bfc49	酔
8c895de77573d76b	鳴
8cc5474b37ba8ae8	印
8cd2adf72d5108ce	始
8d00caaa06b1fffb	衆
8d07b7d4fc4ffba1	岳
8d483cf6ac05d1c3	返
8d8a4bb44f3df108	入
8d9cfc261830b983	室
8dec81eb2ae8efd5	地
8e60dc8ecdc385b3	句
8e8ac4e380abebcf	談
8eecce11f0fb907b	応
8ef07ccc3bcc397b	秋
8ef1bc2b7cea6a4d	銃
8f0d374bb6da6e2f	寸
8fb0b80b14d8257d	哀
8fe9b8b43b0505a9	4
90ac819f4c7f7699	鼻
9102d60c8d06ee01	I
9154c903b1c0281f	店
915e431a6b2adba3	急
918b83f1e5acfc14	冗
91a0309ef1f3078a	段
91d6edc41da52301	か
91d6f93a2091883f	ム
91f17dc71d309503	署
91f58e115cc31dda	銭
925671ff9dd596ce	解
925b241d99b9d1ad	ど
92bafb27e325dfaf	未
92e1637e58b1892e	歴
92e23aab4f07987e	削
92fd1b7a2ee86bc4	雄
9305b2f9a3903b92	徘
932d6a3b2f72a0bc	柱
9339bbc226c0dea8	奪
9343430fa622a26c	府
9347481f248f894c	ビ
937104d0124cc5c4	要
93755fb6eff8a1d0	力
93a445fd3bfec105	サ
93dd844575990679	歩
944dc50023b77e14	ン
9467dfd611f2840d	ぬ
94838d044d714b97	休
94d8f6f74cd940bc	病
94e7e8ace1722daa	線
94f814be06a64945	後
956256dbca655bf7	売
95c4b4e4644d0559	郎
95cbc134f60a0be6	F
95cbd0945eb9907f	伊
95ce6e0e9a966abd	肩
9645186b9f5570a2	弁
965fee42e7fb0690	い
9662482f31a19498	伎
967e73f9fbe5caca	貴
96c226eeabfbb871	レ
96d4a1cb007158b8	判
97056c0aa58921ec	固
97070bdb9df19388	販
97386580de007305	ぜ
973aab82d9cbe9ac	キ
9757ca2bc4e4cc2b	呈
97594354702d4bb2	巡
97704077f4f427ed	初
9794f8a9450ad45f	顕
979d695416555f6b	0
97a5ef9ac8fd87dc	葉
97b6f593a95d41c5	幸
97d933b7a4a0add7	制
9872697ac061978c	火
98ae96cd40dd2062	社
98c1a34131b10374	追
98d1a266bb4cbad0	鎮
98d9318bdd39adf1	裔
98e1b4bc0d3ada17	敢
9930bc489117f265	没
9950d19f26d0f555	州
995a3f46ef7abe8c	崖
99709e050c1e02c0	事
9988c15ec614c6d5	裏
99a02ff9ab70b3cc	乗
99cd4e35fa55257a	嬢
99d13da8e745572e	美
99f4dfe65d61f028	て
99fda0df4fa44f86	掛
9a04f6dd9307e33d	噂
9a22357575eca4b6	寅
9a6fb7cb8c822e66	献
9a942f333e797d05	奥
9aafa8087fdd33f8	洋
9afc69577dad8156	ポ
9b107f2adc8cdacd	横
9b7d53272ed300b1	q
9be1af6ce2d7063c	瞬
9be8180754b73c16	記
9c3e6265496cd2b3	谷
9c5c9b79ecf9a95b	騒
9c9036034d1e39e3	肉
9c9ca40d0a1e7b15	ぇ
9cc2c2dcf29917d5	黒
9cda81063ed17e67	濯
9ced8815cd9e169f	お
9d4038eab7692e85	紹
9d8c4ac4fcc97072	2
9d965148080d3821	消
9dc1f361cfa29a3f	ん
9de2ef6db1742658	d
9df664987b1d2ee7	臭
9e0624fa270171b6	停
9e27c53bd13ce7a1	街
9e3017c2eeba3722	千
9e473f712ce71d07	犬
9e500a6c00926da8	般
9e7f813d202ce8e7	旧
9e9427ec9c478e7f	失
9ea375e4771912fd	？
9ea58080dad5e13c	栄
9edeb5f4cb61184c	訴
9ee760d6bb4cc4b0	豆
9eeca6829227253e	警
9f505d23640d27de	魅
9f5eb6fd747ed216	離
9f5ed187211b72d5	9
9f7919df84714056	寺
9f7a6039479d9b42	尻
9fec9e7347c7456f	覚
9fef7b3a1a82ce9c	う
9ff27d0f6f9f22bc	房
9ff40192fc3fdb3f	メ
a01aadac775c98a0	寄
a021ad2efbb77750	ゆ
a02336d925edf09f	料
a06fb5654efb8e46	烈
a0a9980798594058	m
a0bd458594bff7c4	才
a0ce392c9302e483	君
a10e091a22bab88d	演
a11156709f207840	台
a116cf04f13045e6	満
a12e3d0a349d79b5	c
a140c1ee6273da6e	s
a19b63b7e5b425bd	課
a1b15383d77597f9	鳥
a1d7ccab2f634a58	蛇
a20dce7ebe66f8f5	郷
a2af8a7e7c73d492	,
a2e6bc250a5c6380	盛
a33c7a5d97355934	糸
a33f3c022ec5102f	%
a38336906bd31cd9	趣
a3922a0873e3562b	測
a3c53d510571cc5a	鋭
a42d0d7a7ce38a97	勝
a464667a8c8a4d1f	得
a47046215cff3a1b	与
a483453ec45f704c	陽
a49404a0eb454338	令
a4ba4e51cf839cfe	死
a4cb83c64187e41a	磨
a4e0fe43bf76bf96	登
a513058ab9e0a4c0	喧
a525662102d7d4d2	干
a5416b9e9c97b914	召
a566d771261bbb80	集
a56b5e5d74150f12	な
a57cada4063c635a	朗
a5b14f0fb07f6111	夫
a5d2401a942b0a3e	率
a5fd6df86658715a	衰
a605704b141cc7b1	樽
a6245da465f080dd	悪
a65844936c761971	悟
a6b89da73e45e28a	係
a706ac3f3edb6a57	尾
a7354e0d8469032c	時
a7564c0db799280d	弟
a796d6f24b1c42be	食
a7a45534d317680e	頃
a7d8bb79cd053f02	帽
a82314e58e3439e7	械
a84639a6bf4d02ef	布
a8680a678ad505e9	沖
a8b80e1a1e78c181	環
a8b99397b3590035	被
a8cb402860998828	婚
a8d8b2021c0bc3ba	兵
a8d8c6d570a08c9f	善
a936eb7ff70e4c2e	パ
a95e4dc182f24519	慶
a9c0a5f905b705a5	)
aa7b764cc8a64235	処
aa80d961b3599471	侵
aa982fbfd62ce402	班
aa990272b911d4d1	災
aab1493b9748d247	普
ab0d03b5afa0ab44	ヲ
ab20023787e3233d	製
ab2a4a0745fdea36	愉
ab4bafc727a70b72	ざ
ab60448fd264c26e	的
ab6c5cebcd502eca	机
ab6e8b09703e2f77	皆
abc501f77008f5a5	広
abc8fbf030d13405	し
ac1194058660ff65	愕
ac208b82049ba6f2	醜
ac25af9e9c4a60f1	オ
ac6def78cfefb6c9	幻
ad2c8fe1a7d4d44d	n
ad49e3939e16690b	柄
ad70e042f873fef3	習
ad821e2aaa84ce20	盗
ad8ab1ddd566c200	仁
adb9bf20afd3150d	湖
ae1797be420f9dee	わ
ae471ab956046ef5	険
ae709be3c91ac308	雰
ae795003f484f280	監
aea22460d7284ab3	傷
aea6365f57d42d00	鬼
aea8936008eed6ce	間
af01fc5d14d985ee	旦
af67009d829dabc1	殺
af74485a14dad6a6	じ
af90ceb108ca084a	a
af9d704c41ad6bc0	品
afb892da6774e7d6	策
afdb5dd985567fb9	氏
b018922425c2ff25	味
b0250418ae9c7df3	他
b0303880dbbee910	称
b03e9060490e87ef	民
b06969360917eca5	装
b0a450168a242e4d	適
b0ef4748d95c9723	国
b13a6b399aa1e4f0	範
b159e942592897fd	ヨ
b16f142de82275a6	持
b17b0ed264c022d4	伺
b1c2a388c22d4106	靴
b1cfc4e7b9a1f05b	蘇
b1d33d7d18463ba6	よ
b1ddca5b538469fd	快
b1ec84c6d0781d4a	任
b1f02cdc2b967769	特
b1fda310860d1781	周
b22849609b307c58	虹
b25eabf02af7b53e	び
b2ba59b7d53e9584	元
b381844e8eb43ca3	項
b3a5747c6ec2da7f	絡
b3abcb9fb3581fc6	色
b3b6d5679b497028	ヒ
b3de09f548da657c	風
b3e003f4429c3572	護
b3e4ff1c2aa8c04f	写
b3e56f2ad3c92ae5	投
b40e6cd039b2aacb	弾
b4190f6cf63df474	移
b4577f480b37536e	流
b46c2505ea4299a1	棒
b47e959d8f7ae0f8	指
b4814faa44213096	井
b48ca3ac78705c70	”
b4982899f156808e	師
b4f5324f0c829226	弓
b4ffdb3820a6bead	べ
b5339216c62ce3a6	ナ
b581d92690444a0a	毛
b5873395db0257a5	林
b5a9d7d19513f6ed	吹
b5bed4b3ff6842e0	ィ
b634aa506ab794ae	個
b64209ae3f811442	邪
b65edb56c63aad40	星
b6aacefb5f14b521	混
b6b83d33bfcbd307	問
b6c3de9069d79acd	新
b6c5997fcfdb7f6e	祓
b6cfedd4603abcf6	菓
b6eb2b9ac48b9f4a	沈
b706c10db41a55fc	旭
b74ecc080fdd561f	呂
b75f0382cfb4c0fd	フ
b76842e2c36c2238	鉢
b76e86680b52e572	腸
b7cfda312afaf47d	島
b826573bdf873005	惑
b83657653593b2df	阪
b86634c76e6a34e1	灰
b86f76a41351e11e	仇
b87a6e502e3fec5c	ミ
b89be0b6d768da71	生
b8cc61ed1d9d3a4d	一
b8e4c7efffb8ed74	列
b8ede9f632094307	聞
b8f6794fe88b4b9f	ノ
b8fa663ec1a6dbb4	恨
b90a5e3e513956e7	憶
b99e319334d50f50	徳
b9b8264997718813	源
b9cf45736f607c2d	鮮
b9fd284dca72a856	運
ba28df05dac5fe14	藤
ba2c5776fe7389d2	内
ba4cec77100b9b1d	除
ba63e09ac8c28e7d	郵
baa2a25b67e167ac	丼
baa37afac03fdafe	術
bab41b92a9dd2c1b	意
baba5b66e9de09ad	デ
babc0deed539ed87	徴
bb2aa2784c4bb0eb	宿
bb2bd5d4bd489911	殻
bb6b93395f22ba68	荘
bb702d28523c76f1	相
bb830ad137cf063d	ゥ
bb9bcde2afc9646d	読
bba174ea9903df01	龍
bbaaef5245f23197	や
bbdf5388b0ae9099	8
bc34eae7a28e4deb	両
bc4b9c3d2d7471de	臆
bc4fb81fec308bda	求
bc6088c924b3212d	硫
bc74f793b274a12b	暇
bcb7dfa930b00cab	賊
bcf43b7e568e4bb5	帝
bd1356d22d49bf56	参
bdb97b7ad9bf497a	蔑
bdc846c0e61166da	界
be472923a89ffd94	商
be8e0a08e9351edc	渡
be9dbde54870575a	効
beae23b0346aace4	肌
beb2422891f9e1a3	珍
bebf6389fefc0569	飛
bed282cf269efdf3	化
beff78d707d1df74	勾
bf1bc7cf0248ba45	利
bf6f7c03d7e323d9	胞
bf7176fa78f0387f	果
bf7ad2bf7001e783	凍
bf8a9da34021983e	雪
bf9cc6ce2b5ef8b0	者
bfa15abcffdb0578	可
bfd91ef1c710ad3b	圧
bfdf9931ea9f190f	乱
bfdfe852e4c1bd76	暗
bfeb2630ba8de30d	豪
c02acf3814f47289	留
c046846d76a2b325	っ
c0518f12e13c3f63	港
c0957a1d6cdf4fba	妨
c129b0ddb14e52fa	詳
c13ba95e69078c69	婦
c15b6e6702a9ab81	樫
c18f5c059bc11c6b	繁
c1b029f642a06719	森
c1c007bcc48ec9d0	酎
c1e836c714cf7f57	予
c1e90d66a9f0e808	申
c241f3235b6be63d	従
c25752eb4dabcea0	稿
c259d4c23436a748	映
c25ccecc82ec5b70	o
c25ec9522345ccd5	遠
c26ec0524bb4852c	件
c2778df0d2ed3a42	朝
c2ae22abd3e5480a	ッ
c2d00fd8b4ab3835	簡
c328fd8af147c4ca	巻
c3acc793754f956c	懐
c3bab6370820603c	匠
c3c31df6cd37cdcb	泥
c3e6c040df6d4e3d	捨
c3fd28a5690f252d	以
c3feb42a1aca022c	泣
c43bc12d2539df6b	懲
c45121a101c0a666	け
c475c671dac90030	き
c492d4ec749e3f0b	益
c49bd51df120ab99	易
c4a52af33963cf51	妹
c509948075ac61c6	コ
c542ccc7acc3b190	6
c572921898f753ad	嬉
c58741b63f9c67ea	向
c58784d31d887763	例
c588fe50823d5a1a	ジ
c59de0ad6ae44f5e	承
c617969db272e25b	薙
c653b1ccbe8da35a	酷
c65eb8c8efb34c98	費
c667049088d667cc	贈
c72ae9380aa02ebf	計
c72ca6acd37d8a3a	由
c73d8dc63424b8bf	賭
c78d2bb932461a7e	思
c7a85bc99a3afc3b	赤
c7f10b9059a91c7d	冬
c80273e18698b4c4	背
c85e075026d6ab74	充
c86f181b7d45efbd	疑
c897fbfa7a337d4c	童
c8c305737ec766c1	何
c8eb978b33e4bc7d	機
c913048b69c5c4af	居
c91fa20a1e7753c0	殊
c92e018418fff548	終
c94c85032ce335da	全
c980bf399735f8f5	方
c99415ca5f55fad9	虫
c99f30b78857643b	検
c9acdb6420889059	操
ca18be756295da68	赦
ca2a21067568c588	銘
ca5b02ab70436ea7	『
ca6dd852ca4fcd18	齢
ca6eab6b44d00f4b	掃
caac8c205b4dc460	境
cac074a3f658d29b	悩
cae0e09ae2e7771f	毎
caf03551fa92b557	み
cb1ccb4e2f72edfb	颶
cb230e93828ce8de	鍾
cb2a68c02c7bed13	く
cb43de726a834890	下
cb4a42f02acc46a4	述
cb53e908872d6df8	俺
cb7d816a800748b5	誇
cb810bc6e73dd820	楽
cb95105bf362a5ae	峡
cbe50f2c01d925d7	各
cc1636167f369e29	声
cc464744a2991f64	害
cc5540befb4bb9fe	ー
cc760e2deb66e42b	治
cca50aa855de723f	定
ccdc52c2d5f07c51	璃
cce2b2abcaa91a18	湯
cd0a1cb7f502db30	転
cd1e90e76f98bfad	が
cd4337975ad456b9	目
cd6584e265ba511c	囲
cdd6d880da97a0e9	遇
cdd6e9cc42586334	息
ce2304446ba6370c	“
ce2c03c494653416	察
ce3562affab24336	砕
ce5f2a0f66b19519	鍛
cf099551f866bcdf	隊
cf11eb46bb4c6529	万
cf22b63a4d7f7377	辞
cf51bea226c3c6e7	壊
cf6fea5f6a08369f	優
d024802c519c286d	祥
d02d8e906e7fa22a	z
d044e67a81be9002	嘲
d07ec9d161a18d08	腐
d09a83ca66d72fbd	漢
d0a9c2308ed7c744	ス
d0c247aad50e33ed	密
d0f57825df7b2ee4	春
d10fa604a436187b	』
d123285e8de18b40	穫
d13da31e5e0d5cfc	五
d1ad127cade9898d	採
d1bf887acf7a33a2	名
d1d515337d1e5f7e	難
d1ed5b633aceb39a	熱
d21c24329772d7a6	撃
d21fe20bf1c9ee9c	農
d23e7d1a5fe6c6e8	科
d28cf9414a39e649	去
d2e3e7ea382ea526	津
d30c71783c7999b5	改
d32810ffdf9a5522	S
d35a3080a433cbae	夢
d3619b13963e060d	兼
d3620b477f461995	服
d36d1c8eab7d75b6	爆
d3baacb7d56fd32e	貸
d3cdc026f1ee1790	迷
d3e81eddf17c4978	器
d438178246a416f3	端
d454670700b78b29	避
d46836ac6dc5ae68	画
d47d33635d7298df	照
d4a2a97e1212628c	れ
d4a42bf52b687e48	自
d4ed3df759817b8b	銀
d5420fc8066c6bfc	e
d55377cf0598ae78	探
d55620a23576d33a	卵
d562fd18ed2de653	踏
d5779dc99d821c98	答
d58d300face00bcd	大
d5f185c9fe779eb5	玄
d62e1e6d96e247c3	択
d6350610d8253b98	猛
d672c63342609541	挑
d6ae7aecfbbb6671	縫
d70343876b1a431a	沿
d70f2d13b098175f	歳
d75737ccf18f5016	信
d75bb11766216249	×
d7d763c5ef6c78d4	豊
d84936d25e85c372	勘
d8522ab87f5bba4a	乳
d865fbff2664bfe4	底
d915007da6e6856c	緒
d93d7b11035f40dd	群
d93f72e1df996799	含
da12b28f4e949311	役
da48c634def4fe62	橋
da51a3344623b861	型
da729a980b4a1df4	止
dab5ed038d89cfd2	狩
dade9c67f2ef076f	咲
daf03dfae89d4b67	祭
daf3439e474c95e4	官
db4323113490d3f7	・
db46bc6b0f382de6	8
db47708e13ac5e99	空
db48ff9ab63b8956	=
dbbd2fa53f807fea	経
dc07632dde010bba	臨
dc20affdfd81ea1a	到
dc23c04a83ee5d34	黙
dc40f723e7c830d7	掘
dc5311e9f22657cb	浦
dc940a1fde351e5b	管
dcc293ff258b7340	穴
dccb01b933f57aad	模
dce7243da9dd1ccd	泉
dd62bd1e78ef5ec8	シ
dd7bff861cdce700	希
dd98b0fa79ac0464	途
dd9f3d08bea752e0	R
dda99e8d25557b97	錬
de4bb52f52323bc8	喫
de8a847bff8c343d	　
dea92b396a2fa70d	賞
dee9fe02c886409c	讐
df127c5fcddf3ba7	~
df2e6b4e509c2a18	建
df431754ce38c921	込
df607b740edb0d07	晰
df93a4aad33aa537	児
e0082bd5ab18fe1b	受
e0980a3f45a4d0ab	掘
e0e93891954dd277	木
e10cd1c94d36c76c	娘
e1148c852529423c	涼
e129f27c5103bc5c	 
e159fde1f1212ccf	付
e1da48209c24cd0f	幾
e20535a6ace6db68	貧
e218394f72062874	八
e2388bef3f1acf43	隈
e2504ea23f28f494	渦
e2516663ff6bcede	公
e2867587abc751dd	哨
e2c23ed3a123515b	杯
e2d06aeb124fbd86	米
e2d1e65dd4ef116b	激
e2db6d258ef8f367	ヶ
e2decba1da1dd9c5	弥
e2f110c0233c16b7	阻
e31c37a8723bc96e	場
e38748ac87fb890e	超
e3d0f410b9472944	怒
e3db9db9c0f8e45b	脚
e3e899f3f0bacb0a	バ
e406e550874c1f18	産
e42fa212d192ebe6	具
e4380fef14540d56	岸
e44ab57ac84ba84c	紛
e46c310dedb4bc78	賢
e48eaf96e68d3dc2	族
e4b0b75836986d2e	老
e4b3a461eca6fae1	披
e4c0552310e3e94d	市
e4db8609f05acd70	繰
e4e33a5d50eb1a80	数
e547f1360a9f8a77	越
e549cdacec95afa1	高
e54f9493bdbde136	夏
e589d4ed298568bd	ブ
e5e18fca89672493	ピ
e5ee232d9f66902f	ぶ
e61556b977602177	痛
e63e36c1e9090842	甘
e652451c730ee423	父
e65b0685c65e5971	健
e6b0d0d63fe839c7	心
e6beddf356a29db0	証
e712ebd93b90085d	堂
e798013a1d551c5e	嵐
e7b9107185e5eab4	ヌ
e873beadfc8b5719	析
e8740906da0125f6	観
e8855d942f565b53	箱
e8b28400efc1fdc1	守
e94cbb7647ba5318	諭
e95cc01629658a31	積
e99fbff35890e7f3	涯
e9b39000ca30bddc	ぴ
e9c53606ff11664a	切
e9e240a61ac0833d	そ
ea0270603ef8412d	響
ea045d1989c32677	闇
ea2a4373b0a1aa25	枚
ea931f86243fe828	魔
eaa02fe1302f6f36	士
eababcd04d940ffc	謎
eac6e376f28a07bf	岡
eacd70286e36b62d	券
eb7b08b726c628a5	楠
ebfc35d6dc05eb7a	ゃ
ec0196f6bbf8d188	勇
ec560d4af7eb09cd	及
ec6c3628774ca1a5	L
eca8bb0b3f9f7e46	粛
ecbbf7469e0fd48c	俗
ed1bf3a1b2b77b8a	危
ed6299c492f5da8e	&
edc3df1b44af30d2	執
ee023d4cdce61bf7	誕
ee715b4c3babba07	刊
ee97a0aab1dfba04	作
eed9714c8c855d9b	尋
eefcb1c819aa01a4	説
ef79c55d17293ea8	駅
efa788b3a5b3af17	倍
efe9ba8dccc47b09	黄
effef7fe331381d7	寝
f03139a8641e69ad	骨
f06c4719205ffd61	覆
f06ca1689541b0b2	徐
f0a30931423c9013	報
f0a77d41d361eca4	値
f0a9950548de6b65	無
f0b4366e9869c667	2
f0b52e7227e9ff20	注
f164f35456cfa943	安
f19388154f2736a3	虐
f1949962b75d0537	織
f1ace473c5ede89a	ぱ
f1b575efbed02b36	度
f1bf4a0b089423c2	彼
f26073ee7c2b69eb	ヅ
f2c73f1603df0951	ワ
f32fd983d81cbae5	梓
f343ff8fb6db132e	十
f348fffe21d40137	寮
f3c44c673f523550	塾
f3c6605c4895deeb	笑
f40300d762656a39	損
f4046095766026ac	座
f41e0ed9441672a4	驚
f41e31a774b8f539	子
f43ac2a816705ef5	グ
f472f016e5d47ce5	戸
f49c4af300017164	石
f5022dd70535bfad	活
f5156e04153d3286	a
f53fb1ef8549b3bd	功
f54770a9544f441c	育
f594bcb9cc528dbe	屋
f5968aadc740da46	略
f599c6cfec927048	焼
f5b31d9a273ec740	原
f5d57566d8576077	重
f6158a9cd5b06368	企
f626110727a2a286	納
f634227edf2054d2	湾
f6939870cf96a58e	触
f6ae1d1fef930df7	押
f6e757866c5500cd	救
f6f30aca4e9d41f7	迎
f71016d8a19d98bb	阿
f72e7c7b0b8b64a3	進
f735464eed988e92	攻
f7746d664f749b51	出
f77d78ef7e05908f	ほ
f790903d130a2078	退
f79beed5539ac9f6	ズ
f7c3b0ab1508c745	討
f7c4a1ee71782af2	呼
f7c6f858e23b778a	さ
f7d6cc59c99a4fe8	雲
f8029cc9f778f468	開
f80d7d47f17c0432	法
f85c8cc854269789	首
f8690a17c2ba8b6a	ぞ
f8843581efe4ff80	体
f888bdf8f8dd92f6	鹿
f896c2234ceb67b5	蔵
f8a55635b480c027	訳
f8b8ffdf90e91431	狂
f8ce91a7fde90e4b	堅
f8e720975a075304	尚
f93d0f103a6f02bc	末
f97dea0d8b30682d	控
f97e56182035dc52	D
f97f8bc4395109be	私
f9aa99cbe39db6c6	精
f9bb59c7e0a1e571	徒
f9cb8b02dcf7e8d2	3
f9d834531dd54d69	!
f9f0fbd016dc21b4	土
fa05acc098f0ccce	衣
fa31b77c74b9f32f	胆
fa794c98ec8cb99c	振
fa87033a67159bc4	関
fa8fc09054f9bf4c	様
fa91e461cdc893df	材
faac09b0edcdb70d	!
fae2bcf65929f862	象
fae883602b92d700	面
fb151a4db2cddbb5	副
fb26bde884e636eb	苦
fb2b52f71c9f1422	逢
fb6b156130e98f77	限
fb7aa74345d94d16	捕
fb864a710a88268a	微
fb8cc9a3051aed11	ゴ
fba7328923ec4081	七
fbc8895122dd6c3f	欲
fbf4bfcfc83814a1	陰
fbf73cb189f341e0	啓
fc2e25adedba9c0f	忌
fc806d9e6338e7e0	独
fcac6ff422fe95d6	野
fcb7bcf76df213a1	覧
fd137c4e7b25c523	亡
fd349d6a60409e67	輪
fd3a2bb8a00eb1a5	拝
fd5b3bf503269cf8	束
fd7f0689ca191dd1	噌
fdb4aecde1178764	遅
fdd4c6b1a2a7174d	拍
fe1743ce2224a489	古
fe72f9637c00fa7d	晴
fea75a18fc411354	鷹
ff3bd8ad64fbb98a	学
ffad4760c3e7ac15	苗
148d11b0e5877209	0
d77ea5d07b5dfd66	b
57d28dc48edc08d9	e
1c583cb3bebf7fde	g
da668ee47d80ac53	h
28454c3c38878304	i
35a369f1f1f9d7d4	k
241aba90fb0aaf97	m
9d0e047611267b64	p
9709bc1da0d0af37	r
6cc88822f206cc90	t
58d825a557c9a462	v
330c1d1e31dc19bb	w
c54d4a17da2ead53	x
7e2806c533c00a1b	y
eaabd4447570a85e	_
97a998c3da5f4f62	?
1e879f7c43ac5215	L
276bbd06b2999183	G
49adfe909cdb9e61	M
6720bc5158a7bf7b	S
54b83cc0836d7b2d	-
e20c5bf13f945d33	N
b1b15d685272bced	E
54e123dfb5f00e36	閃
186d14112bc6a9a8	丸
e222b28cca28585d	拳
ea8ce4ef821f508d	需
eabae723f2c7c291	汁
55f441215882d715	剤
3b05a3d928aa8622	餅
a6f3636be8ce60fe	Ｃ
72c8cc6ae3cc7782	Ｙ
ae4ca8d2380f7696	寡
eeeb37653cfcc6a2	複
75f97fdcad15eeaf	版
e100f26510393acb	殖
37f803ad74b00431	酵
be5d49351b22ddd6	傑
6f461692f8bc7a6b	比
6809b007b36c7c44	炸
7d31bb9f3b15d6ec	裂
1f5bbda480577ab7	互
02b39dee38c21968	醍
2315e947618a45dd	醐
173da1f7bc81f995	卒
b6d2be8a5670d99c	Y
67adb90ed825393c	D
b192d1c44c6dd207	+
9843c1f4948d4581	A
c7f72d9727ec0a78	I
da4a5fcb5b622975	X
